|-----------------------------------------------------------------------------------------------------------------------------------------------------------------------------------------------------------------------------------------|-----------------------------|----------------------------------------------------------------------------------------------------------------------|------------------------------------------------------------------|
| |-----------------------------------------------|-----------------------------------------|-------------------------------------------------------------------------|-----------------------------------------------|                   |
|-----------------------------------------------------------------------------------------------------------------------------------------------------------------------------------------------------------------------------------------|-----------------------------|----------------------------------------------------------------------------------------------------------------------|------------------------------------------------------------------|
| | Illustration                                  | Best Use Case                           | Screen / State                                                          | Notes                                         |                   |
|-----------------------------------------------------------------------------------------------------------------------------------------------------------------------------------------------------------------------------------------|-----------------------------|----------------------------------------------------------------------------------------------------------------------|------------------------------------------------------------------|
| |-----------------------------------------------|-----------------------------------------|-------------------------------------------------------------------------|-----------------------------------------------|                   |
|-----------------------------------------------------------------------------------------------------------------------------------------------------------------------------------------------------------------------------------------|-----------------------------|----------------------------------------------------------------------------------------------------------------------|------------------------------------------------------------------|
| | Magnifying glass with sad square face         | No search results                       | Nearby → Search with no matches                                         | Perfect “nothing found” energy                |                   |
|-----------------------------------------------------------------------------------------------------------------------------------------------------------------------------------------------------------------------------------------|-----------------------------|----------------------------------------------------------------------------------------------------------------------|------------------------------------------------------------------|
| |-----------------------------------------------|-----------------------------------------|-------------------------------------------------------------------------|-----------------------------------------------|                   |
|-----------------------------------------------------------------------------------------------------------------------------------------------------------------------------------------------------------------------------------------|-----------------------------|----------------------------------------------------------------------------------------------------------------------|------------------------------------------------------------------|
| | Open wallet with stars & coins flying out     | Skill Credits / Rewards empty or low    | Profile → Skill Credits section when 0 credits                          | Also good for “Earn your first credits”       |                   |
|-----------------------------------------------------------------------------------------------------------------------------------------------------------------------------------------------------------------------------------------|-----------------------------|----------------------------------------------------------------------------------------------------------------------|------------------------------------------------------------------|
| |-----------------------------------------------|-----------------------------------------|-------------------------------------------------------------------------|-----------------------------------------------|                   |
|-----------------------------------------------------------------------------------------------------------------------------------------------------------------------------------------------------------------------------------------|-----------------------------|----------------------------------------------------------------------------------------------------------------------|------------------------------------------------------------------|
| | Cloud with power plug                         | Offline state                           | Any screen when device is offline                                       | Excellent — matches the offline-first promise |                   |
|-----------------------------------------------------------------------------------------------------------------------------------------------------------------------------------------------------------------------------------------|-----------------------------|----------------------------------------------------------------------------------------------------------------------|------------------------------------------------------------------|
| |-----------------------------------------------|-----------------------------------------|-------------------------------------------------------------------------|-----------------------------------------------|                   |
|-----------------------------------------------------------------------------------------------------------------------------------------------------------------------------------------------------------------------------------------|-----------------------------|----------------------------------------------------------------------------------------------------------------------|------------------------------------------------------------------|
| | Teal chat bubble + paper airplane             | Empty Messages                          | Messages tab when no conversations                                      | Clean and on-brand                            |                   |
|-----------------------------------------------------------------------------------------------------------------------------------------------------------------------------------------------------------------------------------------|-----------------------------|----------------------------------------------------------------------------------------------------------------------|------------------------------------------------------------------|
| |-----------------------------------------------|-----------------------------------------|-------------------------------------------------------------------------|-----------------------------------------------|                   |
|-----------------------------------------------------------------------------------------------------------------------------------------------------------------------------------------------------------------------------------------|-----------------------------|----------------------------------------------------------------------------------------------------------------------|------------------------------------------------------------------|
| | Magnifying glass + location pin with “?”      | No one nearby                           | Nearby feed (main empty state)                                          | Strongest “cold start” illustration           |                   |
|-----------------------------------------------------------------------------------------------------------------------------------------------------------------------------------------------------------------------------------------|-----------------------------|----------------------------------------------------------------------------------------------------------------------|------------------------------------------------------------------|
| |-----------------------------------------------|-----------------------------------------|-------------------------------------------------------------------------|-----------------------------------------------|                   |
|-----------------------------------------------------------------------------------------------------------------------------------------------------------------------------------------------------------------------------------------|-----------------------------|----------------------------------------------------------------------------------------------------------------------|------------------------------------------------------------------|
| | Two people shaking hands (music + paintbrush) | Successful first swap / Positive moment | After completing first swap or onboarding success                       | Great for celebration                                             |  not pure empty state   |   |
|-----------------------------------------------------------------------------------------------------------------------------------------------------------------------------------------------------------------------------------------|-----------------------------|----------------------------------------------------------------------------------------------------------------------|------------------------------------------------------------------|
| |-----------------------------------------------|-----------------------------------------|-------------------------------------------------------------------------|-----------------------------------------------|                   |
|-----------------------------------------------------------------------------------------------------------------------------------------------------------------------------------------------------------------------------------------|-----------------------------|----------------------------------------------------------------------------------------------------------------------|------------------------------------------------------------------|
| | Three people (guitar                                                                                                                                                                                                                  |  cooking                    |  laptop)        | Community / Active neighborhood         | Empty state variant “Be the first” or “Invite neighbors” |  or onboarding | Warm and shows the vision of the app          | |
|-----------------------------------------------------------------------------------------------------------------------------------------------------------------------------------------------------------------------------------------|-----------------------------|----------------------------------------------------------------------------------------------------------------------|------------------------------------------------------------------|
| |-----------------------------------------------|-----------------------------------------|-------------------------------------------------------------------------|-----------------------------------------------|                   |
|-----------------------------------------------------------------------------------------------------------------------------------------------------------------------------------------------------------------------------------------|-----------------------------|----------------------------------------------------------------------------------------------------------------------|------------------------------------------------------------------|
| | Open envelope / inbox tray with sad face      | Empty Incoming or Outgoing Requests     | Requests tab (Incoming / Outgoing)                                      | Use the same illustration for both                                |  just change the headline | |
|-----------------------------------------------------------------------------------------------------------------------------------------------------------------------------------------------------------------------------------------|-----------------------------|----------------------------------------------------------------------------------------------------------------------|------------------------------------------------------------------|
| | Empty profile card / person silhouette with plus sign | No Skills Added Yet                     | Profile screen or “Add your first skills” state                         | Perfect for first-time profile setup          |           |
|-----------------------------------------------------------------------------------------------------------------------------------------------------------------------------------------------------------------------------------------|-----------------------------|----------------------------------------------------------------------------------------------------------------------|------------------------------------------------------------------|
| | Empty notice board with one lonely pin          | No Standing Offers                      | Profile → Standing Offers section                                       | Clear and relevant                            |                 |
|-----------------------------------------------------------------------------------------------------------------------------------------------------------------------------------------------------------------------------------------|-----------------------------|----------------------------------------------------------------------------------------------------------------------|------------------------------------------------------------------|
| | Open book / journal with blank pages            | Empty Completed Swaps / History         | Requests → Completed tab or Profile history                             | Calm and neutral                              |                 |
|-----------------------------------------------------------------------------------------------------------------------------------------------------------------------------------------------------------------------------------------|-----------------------------|----------------------------------------------------------------------------------------------------------------------|------------------------------------------------------------------|
| | Three empty stars in a row                      | No Reviews / Ratings yet                | Profile or after first few swaps                                        | Simple and universal                          |                 |
|-----------------------------------------------------------------------------------------------------------------------------------------------------------------------------------------------------------------------------------------|-----------------------------|----------------------------------------------------------------------------------------------------------------------|------------------------------------------------------------------|
| | Small map circle with sad face + outward arrow  | Radius too small                        | Nearby screen when user is on 0.5–1 km and no results                   | Directly encourages expanding radius (can soft-trigger paywall) |
|-----------------------------------------------------------------------------------------------------------------------------------------------------------------------------------------------------------------------------------------|-----------------------------|----------------------------------------------------------------------------------------------------------------------|------------------------------------------------------------------|
| Two people waving + invite card                                                                                                                                                                                                         | Invite Neighbors            | Nearby empty state (secondary version) or Invite screen                                                              | Strong call-to-action illustration                               |
|-----------------------------------------------------------------------------------------------------------------------------------------------------------------------------------------------------------------------------------------|-----------------------------|----------------------------------------------------------------------------------------------------------------------|------------------------------------------------------------------|
